Timestamp,Product_ID,Shift,Production_Line,Cap_Status,Result,Camera_ID,Operator,Machine_ID
2026-06-10 05:31:21.155809,P00001,C,Line 1,Good Cap,Pass,CAM01,Operator_B,CAP_MACHINE_02
2026-06-10 05:31:26.155809,P00002,B,Line 1,No Cap,Fail,CAM01,Operator_A,CAP_MACHINE_01
2026-06-10 05:31:31.155809,P00003,B,Line 2,Broken Ring,Fail,CAM02,Operator_C,CAP_MACHINE_01
2026-06-10 05:31:36.155809,P00004,C,Line 2,Good Cap,Pass,CAM01,Operator_B,CAP_MACHINE_02
2026-06-10 05:31:41.155809,P00005,C,Line 1,Good Cap,Pass,CAM01,Operator_C,CAP_MACHINE_01
2026-06-10 05:31:46.155809,P00006,B,Line 2,Good Cap,Pass,CAM01,Operator_C,CAP_MACHINE_01
2026-06-10 05:31:51.155809,P00007,A,Line 1,Good Cap,Pass,CAM02,Operator_C,CAP_MACHINE_01
2026-06-10 05:31:56.155809,P00008,C,Line 2,Good Cap,Pass,CAM01,Operator_B,CAP_MACHINE_02
2026-06-10 05:32:01.155809,P00009,C,Line 2,Good Cap,Pass,CAM01,Operator_B,CAP_MACHINE_01
2026-06-10 05:32:06.155809,P00010,A,Line 2,Good Cap,Pass,CAM02,Operator_C,CAP_MACHINE_02
2026-06-10 05:32:11.155809,P00011,B,Line 1,Loose Cap,Fail,CAM01,Operator_B,CAP_MACHINE_02
2026-06-10 05:32:16.155809,P00012,A,Line 1,Good Cap,Pass,CAM01,Operator_B,CAP_MACHINE_01
2026-06-10 05:32:21.155809,P00013,A,Line 2,Good Cap,Pass,CAM01,Operator_B,CAP_MACHINE_01
2026-06-10 05:32:26.155809,P00014,C,Line 1,Broken Cap,Fail,CAM02,Operator_C,CAP_MACHINE_01
2026-06-10 05:32:31.155809,P00015,C,Line 1,Good Cap,Pass,CAM02,Operator_B,CAP_MACHINE_01
2026-06-10 05:32:36.155809,P00016,C,Line 2,Good Cap,Pass,CAM02,Operator_C,CAP_MACHINE_02
2026-06-10 05:32:41.155809,P00017,B,Line 1,Good Cap,Pass,CAM01,Operator_B,CAP_MACHINE_01
2026-06-10 05:32:46.155809,P00018,C,Line 2,Good Cap,Pass,CAM02,Operator_A,CAP_MACHINE_02
2026-06-10 05:32:51.155809,P00019,C,Line 1,Good Cap,Pass,CAM01,Operator_B,CAP_MACHINE_01
2026-06-10 05:32:56.155809,P00020,B,Line 1,Good Cap,Pass,CAM01,Operator_B,CAP_MACHINE_01
2026-06-10 05:33:01.155809,P00021,C,Line 2,Good Cap,Pass,CAM02,Operator_B,CAP_MACHINE_02
2026-06-10 05:33:06.155809,P00022,A,Line 2,No Cap,Fail,CAM02,Operator_A,CAP_MACHINE_02
2026-06-10 05:33:11.155809,P00023,C,Line 1,Good Cap,Pass,CAM02,Operator_B,CAP_MACHINE_02
2026-06-10 05:33:16.155809,P00024,B,Line 1,Good Cap,Pass,CAM01,Operator_C,CAP_MACHINE_02
2026-06-10 05:33:21.155809,P00025,C,Line 1,Good Cap,Pass,CAM01,Operator_A,CAP_MACHINE_01
2026-06-10 05:33:26.155809,P00026,A,Line 1,Good Cap,Pass,CAM01,Operator_C,CAP_MACHINE_01
2026-06-10 05:33:31.155809,P00027,C,Line 1,Good Cap,Pass,CAM01,Operator_A,CAP_MACHINE_01
2026-06-10 05:33:36.155809,P00028,C,Line 2,Good Cap,Pass,CAM02,Operator_A,CAP_MACHINE_01
2026-06-10 05:33:41.155809,P00029,B,Line 2,Broken Cap,Fail,CAM02,Operator_A,CAP_MACHINE_01
2026-06-10 05:33:46.155809,P00030,B,Line 1,Good Cap,Pass,CAM01,Operator_C,CAP_MACHINE_02
2026-06-10 05:33:51.155809,P00031,A,Line 2,Good Cap,Pass,CAM01,Operator_C,CAP_MACHINE_02
2026-06-10 05:33:56.155809,P00032,A,Line 1,Good Cap,Pass,CAM02,Operator_A,CAP_MACHINE_01
2026-06-10 05:34:01.155809,P00033,C,Line 2,Good Cap,Pass,CAM01,Operator_A,CAP_MACHINE_02
2026-06-10 05:34:06.155809,P00034,A,Line 2,Good Cap,Pass,CAM01,Operator_B,CAP_MACHINE_02
2026-06-10 05:34:11.155809,P00035,A,Line 1,Good Cap,Pass,CAM01,Operator_B,CAP_MACHINE_02
2026-06-10 05:34:16.155809,P00036,A,Line 1,Good Cap,Pass,CAM01,Operator_A,CAP_MACHINE_01
2026-06-10 05:34:21.155809,P00037,B,Line 2,Broken Ring,Fail,CAM01,Operator_A,CAP_MACHINE_01
2026-06-10 05:34:26.155809,P00038,C,Line 1,Good Cap,Pass,CAM01,Operator_B,CAP_MACHINE_01
2026-06-10 05:34:31.155809,P00039,B,Line 2,Good Cap,Pass,CAM02,Operator_C,CAP_MACHINE_01
2026-06-10 05:34:36.155809,P00040,C,Line 2,Good Cap,Pass,CAM01,Operator_A,CAP_MACHINE_02
2026-06-10 05:34:41.155809,P00041,C,Line 2,Loose Cap,Fail,CAM02,Operator_B,CAP_MACHINE_02
2026-06-10 05:34:46.155809,P00042,C,Line 2,Good Cap,Pass,CAM01,Operator_C,CAP_MACHINE_02
2026-06-10 05:34:51.155809,P00043,C,Line 1,Good Cap,Pass,CAM02,Operator_B,CAP_MACHINE_02
2026-06-10 05:34:56.155809,P00044,C,Line 1,Good Cap,Pass,CAM02,Operator_A,CAP_MACHINE_01
2026-06-10 05:35:01.155809,P00045,B,Line 2,Good Cap,Pass,CAM02,Operator_A,CAP_MACHINE_01
2026-06-10 05:35:06.155809,P00046,C,Line 1,Good Cap,Pass,CAM02,Operator_B,CAP_MACHINE_02
2026-06-10 05:35:11.155809,P00047,B,Line 2,Broken Ring,Fail,CAM02,Operator_C,CAP_MACHINE_02
2026-06-10 05:35:16.155809,P00048,C,Line 2,Good Cap,Pass,CAM01,Operator_A,CAP_MACHINE_02
2026-06-10 05:35:21.155809,P00049,A,Line 1,Good Cap,Pass,CAM01,Operator_B,CAP_MACHINE_01
2026-06-10 05:35:26.155809,P00050,B,Line 2,Loose Cap,Fail,CAM02,Operator_C,CAP_MACHINE_02
2026-06-10 05:35:31.155809,P00051,C,Line 1,Good Cap,Pass,CAM02,Operator_A,CAP_MACHINE_01
2026-06-10 05:35:36.155809,P00052,B,Line 2,Good Cap,Pass,CAM02,Operator_C,CAP_MACHINE_01
2026-06-10 05:35:41.155809,P00053,C,Line 1,Loose Cap,Fail,CAM02,Operator_C,CAP_MACHINE_01
2026-06-10 05:35:46.155809,P00054,A,Line 2,Loose Cap,Fail,CAM01,Operator_B,CAP_MACHINE_02
2026-06-10 05:35:51.155809,P00055,A,Line 1,No Cap,Fail,CAM01,Operator_C,CAP_MACHINE_02
2026-06-10 05:35:56.155809,P00056,C,Line 1,Good Cap,Pass,CAM02,Operator_B,CAP_MACHINE_02
2026-06-10 05:36:01.155809,P00057,C,Line 2,Good Cap,Pass,CAM02,Operator_A,CAP_MACHINE_01
2026-06-10 05:36:06.155809,P00058,A,Line 2,Good Cap,Pass,CAM01,Operator_B,CAP_MACHINE_02
2026-06-10 05:36:11.155809,P00059,B,Line 2,Good Cap,Pass,CAM02,Operator_A,CAP_MACHINE_02
2026-06-10 05:36:16.155809,P00060,A,Line 1,Good Cap,Pass,CAM02,Operator_B,CAP_MACHINE_02
2026-06-10 05:36:21.155809,P00061,C,Line 1,Loose Cap,Fail,CAM02,Operator_B,CAP_MACHINE_01
2026-06-10 05:36:26.155809,P00062,C,Line 2,Good Cap,Pass,CAM02,Operator_B,CAP_MACHINE_01
2026-06-10 05:36:31.155809,P00063,A,Line 2,Good Cap,Pass,CAM02,Operator_C,CAP_MACHINE_02
2026-06-10 05:36:36.155809,P00064,A,Line 2,Good Cap,Pass,CAM02,Operator_C,CAP_MACHINE_02
2026-06-10 05:36:41.155809,P00065,A,Line 2,Good Cap,Pass,CAM01,Operator_B,CAP_MACHINE_02
2026-06-10 05:36:46.155809,P00066,B,Line 1,Good Cap,Pass,CAM01,Operator_C,CAP_MACHINE_02
2026-06-10 05:36:51.155809,P00067,A,Line 2,Good Cap,Pass,CAM01,Operator_C,CAP_MACHINE_02
2026-06-10 05:36:56.155809,P00068,B,Line 2,Good Cap,Pass,CAM01,Operator_A,CAP_MACHINE_01
2026-06-10 05:37:01.155809,P00069,C,Line 1,Good Cap,Pass,CAM02,Operator_B,CAP_MACHINE_01
2026-06-10 05:37:06.155809,P00070,B,Line 2,Good Cap,Pass,CAM02,Operator_C,CAP_MACHINE_01
2026-06-10 05:37:11.155809,P00071,A,Line 2,Broken Cap,Fail,CAM01,Operator_B,CAP_MACHINE_01
2026-06-10 05:37:16.155809,P00072,C,Line 2,Loose Cap,Fail,CAM02,Operator_C,CAP_MACHINE_01
2026-06-10 05:37:21.155809,P00073,C,Line 1,Good Cap,Pass,CAM01,Operator_B,CAP_MACHINE_02
2026-06-10 05:37:26.155809,P00074,A,Line 1,Good Cap,Pass,CAM01,Operator_C,CAP_MACHINE_02
2026-06-10 05:37:31.155809,P00075,A,Line 1,Good Cap,Pass,CAM01,Operator_A,CAP_MACHINE_01
2026-06-10 05:37:36.155809,P00076,A,Line 2,Good Cap,Pass,CAM01,Operator_C,CAP_MACHINE_01
2026-06-10 05:37:41.155809,P00077,B,Line 2,Good Cap,Pass,CAM01,Operator_B,CAP_MACHINE_02
2026-06-10 05:37:46.155809,P00078,B,Line 1,Good Cap,Pass,CAM01,Operator_B,CAP_MACHINE_02
2026-06-10 05:37:51.155809,P00079,C,Line 2,Broken Cap,Fail,CAM02,Operator_C,CAP_MACHINE_02
2026-06-10 05:37:56.155809,P00080,C,Line 1,Good Cap,Pass,CAM02,Operator_B,CAP_MACHINE_02
2026-06-10 05:38:01.155809,P00081,A,Line 1,Good Cap,Pass,CAM02,Operator_A,CAP_MACHINE_01
2026-06-10 05:38:06.155809,P00082,A,Line 2,Good Cap,Pass,CAM01,Operator_B,CAP_MACHINE_02
2026-06-10 05:38:11.155809,P00083,A,Line 2,Broken Ring,Fail,CAM01,Operator_A,CAP_MACHINE_01
2026-06-10 05:38:16.155809,P00084,B,Line 1,Good Cap,Pass,CAM01,Operator_C,CAP_MACHINE_01
2026-06-10 05:38:21.155809,P00085,B,Line 2,Good Cap,Pass,CAM01,Operator_A,CAP_MACHINE_02
2026-06-10 05:38:26.155809,P00086,C,Line 2,Good Cap,Pass,CAM02,Operator_A,CAP_MACHINE_02
2026-06-10 05:38:31.155809,P00087,C,Line 2,Good Cap,Pass,CAM01,Operator_B,CAP_MACHINE_01
2026-06-10 05:38:36.155809,P00088,A,Line 2,Good Cap,Pass,CAM01,Operator_B,CAP_MACHINE_01
2026-06-10 05:38:41.155809,P00089,A,Line 2,Good Cap,Pass,CAM02,Operator_C,CAP_MACHINE_02
2026-06-10 05:38:46.155809,P00090,B,Line 2,Good Cap,Pass,CAM02,Operator_A,CAP_MACHINE_01
2026-06-10 05:38:51.155809,P00091,C,Line 1,Good Cap,Pass,CAM01,Operator_B,CAP_MACHINE_01
2026-06-10 05:38:56.155809,P00092,B,Line 2,Good Cap,Pass,CAM02,Operator_C,CAP_MACHINE_02
2026-06-10 05:39:01.155809,P00093,A,Line 2,Good Cap,Pass,CAM02,Operator_A,CAP_MACHINE_01
2026-06-10 05:39:06.155809,P00094,C,Line 2,Good Cap,Pass,CAM01,Operator_B,CAP_MACHINE_02
2026-06-10 05:39:11.155809,P00095,C,Line 2,Good Cap,Pass,CAM01,Operator_A,CAP_MACHINE_02
2026-06-10 05:39:16.155809,P00096,A,Line 2,Good Cap,Pass,CAM02,Operator_B,CAP_MACHINE_02
2026-06-10 05:39:21.155809,P00097,B,Line 2,Good Cap,Pass,CAM01,Operator_C,CAP_MACHINE_02
2026-06-10 05:39:26.155809,P00098,B,Line 1,Broken Cap,Fail,CAM01,Operator_A,CAP_MACHINE_01
2026-06-10 05:39:31.155809,P00099,C,Line 2,Good Cap,Pass,CAM01,Operator_A,CAP_MACHINE_02
2026-06-10 05:39:36.155809,P00100,B,Line 2,Good Cap,Pass,CAM02,Operator_B,CAP_MACHINE_02
2026-06-10 05:39:41.155809,P00101,C,Line 1,Good Cap,Pass,CAM01,Operator_C,CAP_MACHINE_02
2026-06-10 05:39:46.155809,P00102,C,Line 1,Broken Ring,Fail,CAM01,Operator_A,CAP_MACHINE_01
2026-06-10 05:39:51.155809,P00103,A,Line 2,Loose Cap,Fail,CAM01,Operator_A,CAP_MACHINE_02
2026-06-10 05:39:56.155809,P00104,C,Line 2,Good Cap,Pass,CAM02,Operator_A,CAP_MACHINE_02
2026-06-10 05:40:01.155809,P00105,C,Line 1,Good Cap,Pass,CAM02,Operator_B,CAP_MACHINE_01
2026-06-10 05:40:06.155809,P00106,A,Line 2,Good Cap,Pass,CAM01,Operator_A,CAP_MACHINE_01
2026-06-10 05:40:11.155809,P00107,B,Line 2,Good Cap,Pass,CAM01,Operator_B,CAP_MACHINE_02
2026-06-10 05:40:16.155809,P00108,C,Line 1,Good Cap,Pass,CAM01,Operator_B,CAP_MACHINE_01
2026-06-10 05:40:21.155809,P00109,B,Line 1,Good Cap,Pass,CAM02,Operator_C,CAP_MACHINE_01
2026-06-10 05:40:26.155809,P00110,B,Line 2,Good Cap,Pass,CAM02,Operator_B,CAP_MACHINE_01
2026-06-10 05:40:31.155809,P00111,A,Line 1,Good Cap,Pass,CAM02,Operator_B,CAP_MACHINE_02
2026-06-10 05:40:36.155809,P00112,A,Line 2,Good Cap,Pass,CAM01,Operator_B,CAP_MACHINE_02
2026-06-10 05:40:41.155809,P00113,C,Line 2,Good Cap,Pass,CAM02,Operator_A,CAP_MACHINE_02
2026-06-10 05:40:46.155809,P00114,A,Line 1,Broken Ring,Fail,CAM01,Operator_B,CAP_MACHINE_02
2026-06-10 05:40:51.155809,P00115,C,Line 1,Good Cap,Pass,CAM01,Operator_A,CAP_MACHINE_02
2026-06-10 05:40:56.155809,P00116,A,Line 1,Good Cap,Pass,CAM01,Operator_C,CAP_MACHINE_01
2026-06-10 05:41:01.155809,P00117,C,Line 1,Good Cap,Pass,CAM01,Operator_C,CAP_MACHINE_01
2026-06-10 05:41:06.155809,P00118,B,Line 2,Broken Cap,Fail,CAM01,Operator_A,CAP_MACHINE_01
2026-06-10 05:41:11.155809,P00119,A,Line 2,Broken Ring,Fail,CAM02,Operator_B,CAP_MACHINE_02
2026-06-10 05:41:16.155809,P00120,A,Line 2,Good Cap,Pass,CAM01,Operator_A,CAP_MACHINE_01
2026-06-10 05:41:21.155809,P00121,A,Line 1,Good Cap,Pass,CAM01,Operator_B,CAP_MACHINE_02
2026-06-10 05:41:26.155809,P00122,C,Line 1,Good Cap,Pass,CAM02,Operator_C,CAP_MACHINE_01
2026-06-10 05:41:31.155809,P00123,A,Line 2,Good Cap,Pass,CAM01,Operator_C,CAP_MACHINE_02
2026-06-10 05:41:36.155809,P00124,A,Line 2,Good Cap,Pass,CAM02,Operator_A,CAP_MACHINE_01
2026-06-10 05:41:41.155809,P00125,A,Line 2,Good Cap,Pass,CAM02,Operator_A,CAP_MACHINE_01
2026-06-10 05:41:46.155809,P00126,C,Line 2,Loose Cap,Fail,CAM02,Operator_C,CAP_MACHINE_02
2026-06-10 05:41:51.155809,P00127,B,Line 1,Good Cap,Pass,CAM01,Operator_B,CAP_MACHINE_01
2026-06-10 05:41:56.155809,P00128,B,Line 1,Good Cap,Pass,CAM02,Operator_A,CAP_MACHINE_02
2026-06-10 05:42:01.155809,P00129,C,Line 1,Good Cap,Pass,CAM01,Operator_C,CAP_MACHINE_01
2026-06-10 05:42:06.155809,P00130,C,Line 1,Good Cap,Pass,CAM01,Operator_C,CAP_MACHINE_01
2026-06-10 05:42:11.155809,P00131,C,Line 2,Good Cap,Pass,CAM02,Operator_B,CAP_MACHINE_02
2026-06-10 05:42:16.155809,P00132,C,Line 2,Good Cap,Pass,CAM01,Operator_A,CAP_MACHINE_02
2026-06-10 05:42:21.155809,P00133,C,Line 2,Broken Ring,Fail,CAM02,Operator_B,CAP_MACHINE_02
2026-06-10 05:42:26.155809,P00134,B,Line 2,Good Cap,Pass,CAM01,Operator_C,CAP_MACHINE_01
2026-06-10 05:42:31.155809,P00135,B,Line 1,Good Cap,Pass,CAM02,Operator_B,CAP_MACHINE_02
2026-06-10 05:42:36.155809,P00136,C,Line 1,Good Cap,Pass,CAM01,Operator_C,CAP_MACHINE_02
2026-06-10 05:42:41.155809,P00137,A,Line 1,Good Cap,Pass,CAM01,Operator_C,CAP_MACHINE_02
2026-06-10 05:42:46.155809,P00138,B,Line 2,Good Cap,Pass,CAM02,Operator_C,CAP_MACHINE_01
2026-06-10 05:42:51.155809,P00139,B,Line 2,Good Cap,Pass,CAM02,Operator_A,CAP_MACHINE_02
2026-06-10 05:42:56.155809,P00140,B,Line 1,Good Cap,Pass,CAM01,Operator_B,CAP_MACHINE_02
2026-06-10 05:43:01.155809,P00141,A,Line 2,No Cap,Fail,CAM02,Operator_C,CAP_MACHINE_01
2026-06-10 05:43:06.155809,P00142,B,Line 2,Good Cap,Pass,CAM02,Operator_A,CAP_MACHINE_02
2026-06-10 05:43:11.155809,P00143,B,Line 1,Broken Ring,Fail,CAM02,Operator_B,CAP_MACHINE_02
2026-06-10 05:43:16.155809,P00144,A,Line 2,Good Cap,Pass,CAM01,Operator_B,CAP_MACHINE_01
2026-06-10 05:43:21.155809,P00145,B,Line 1,Good Cap,Pass,CAM02,Operator_C,CAP_MACHINE_02
2026-06-10 05:43:26.155809,P00146,C,Line 2,Good Cap,Pass,CAM01,Operator_B,CAP_MACHINE_02
2026-06-10 05:43:31.155809,P00147,C,Line 2,Good Cap,Pass,CAM02,Operator_C,CAP_MACHINE_01
2026-06-10 05:43:36.155809,P00148,C,Line 1,Good Cap,Pass,CAM01,Operator_A,CAP_MACHINE_02
2026-06-10 05:43:41.155809,P00149,A,Line 1,Good Cap,Pass,CAM01,Operator_C,CAP_MACHINE_02
2026-06-10 05:43:46.155809,P00150,C,Line 2,Good Cap,Pass,CAM01,Operator_B,CAP_MACHINE_02
2026-06-10 05:43:51.155809,P00151,A,Line 1,No Cap,Fail,CAM01,Operator_A,CAP_MACHINE_01
2026-06-10 05:43:56.155809,P00152,B,Line 2,Good Cap,Pass,CAM01,Operator_A,CAP_MACHINE_02
2026-06-10 05:44:01.155809,P00153,A,Line 2,Good Cap,Pass,CAM01,Operator_A,CAP_MACHINE_01
2026-06-10 05:44:06.155809,P00154,A,Line 1,Good Cap,Pass,CAM01,Operator_B,CAP_MACHINE_01
2026-06-10 05:44:11.155809,P00155,B,Line 2,Loose Cap,Fail,CAM01,Operator_B,CAP_MACHINE_02
2026-06-10 05:44:16.155809,P00156,B,Line 1,Good Cap,Pass,CAM01,Operator_A,CAP_MACHINE_01
2026-06-10 05:44:21.155809,P00157,A,Line 2,No Cap,Fail,CAM01,Operator_B,CAP_MACHINE_02
2026-06-10 05:44:26.155809,P00158,C,Line 1,Good Cap,Pass,CAM01,Operator_A,CAP_MACHINE_01
2026-06-10 05:44:31.155809,P00159,C,Line 1,Good Cap,Pass,CAM01,Operator_C,CAP_MACHINE_01
2026-06-10 05:44:36.155809,P00160,C,Line 1,Good Cap,Pass,CAM01,Operator_B,CAP_MACHINE_02
2026-06-10 05:44:41.155809,P00161,A,Line 1,Good Cap,Pass,CAM01,Operator_A,CAP_MACHINE_02
2026-06-10 05:44:46.155809,P00162,A,Line 2,Good Cap,Pass,CAM02,Operator_B,CAP_MACHINE_01
2026-06-10 05:44:51.155809,P00163,B,Line 2,Good Cap,Pass,CAM02,Operator_A,CAP_MACHINE_01
2026-06-10 05:44:56.155809,P00164,C,Line 2,Good Cap,Pass,CAM02,Operator_C,CAP_MACHINE_02
2026-06-10 05:45:01.155809,P00165,C,Line 1,Good Cap,Pass,CAM01,Operator_C,CAP_MACHINE_02
2026-06-10 05:45:06.155809,P00166,A,Line 1,Good Cap,Pass,CAM02,Operator_A,CAP_MACHINE_01
2026-06-10 05:45:11.155809,P00167,B,Line 1,Good Cap,Pass,CAM01,Operator_B,CAP_MACHINE_01
2026-06-10 05:45:16.155809,P00168,B,Line 2,Good Cap,Pass,CAM01,Operator_A,CAP_MACHINE_02
2026-06-10 05:45:21.155809,P00169,B,Line 1,Good Cap,Pass,CAM02,Operator_B,CAP_MACHINE_02
2026-06-10 05:45:26.155809,P00170,C,Line 1,Good Cap,Pass,CAM01,Operator_B,CAP_MACHINE_02
2026-06-10 05:45:31.155809,P00171,A,Line 2,Good Cap,Pass,CAM01,Operator_A,CAP_MACHINE_01
2026-06-10 05:45:36.155809,P00172,A,Line 2,Good Cap,Pass,CAM01,Operator_A,CAP_MACHINE_02
2026-06-10 05:45:41.155809,P00173,A,Line 2,Good Cap,Pass,CAM02,Operator_A,CAP_MACHINE_02
2026-06-10 05:45:46.155809,P00174,C,Line 2,Good Cap,Pass,CAM01,Operator_C,CAP_MACHINE_02
2026-06-10 05:45:51.155809,P00175,B,Line 1,Loose Cap,Fail,CAM02,Operator_C,CAP_MACHINE_02
2026-06-10 05:45:56.155809,P00176,B,Line 2,Good Cap,Pass,CAM02,Operator_C,CAP_MACHINE_01
2026-06-10 05:46:01.155809,P00177,B,Line 1,Good Cap,Pass,CAM01,Operator_C,CAP_MACHINE_02
2026-06-10 05:46:06.155809,P00178,B,Line 1,Good Cap,Pass,CAM01,Operator_C,CAP_MACHINE_02
2026-06-10 05:46:11.155809,P00179,B,Line 2,Broken Cap,Fail,CAM02,Operator_A,CAP_MACHINE_02
2026-06-10 05:46:16.155809,P00180,B,Line 1,Good Cap,Pass,CAM02,Operator_A,CAP_MACHINE_02
2026-06-10 05:46:21.155809,P00181,A,Line 2,Good Cap,Pass,CAM02,Operator_C,CAP_MACHINE_01
2026-06-10 05:46:26.155809,P00182,A,Line 1,Good Cap,Pass,CAM02,Operator_A,CAP_MACHINE_01
2026-06-10 05:46:31.155809,P00183,A,Line 1,Good Cap,Pass,CAM01,Operator_C,CAP_MACHINE_01
2026-06-10 05:46:36.155809,P00184,A,Line 1,Good Cap,Pass,CAM02,Operator_A,CAP_MACHINE_01
2026-06-10 05:46:41.155809,P00185,A,Line 2,Loose Cap,Fail,CAM02,Operator_A,CAP_MACHINE_01
2026-06-10 05:46:46.155809,P00186,C,Line 1,Good Cap,Pass,CAM01,Operator_C,CAP_MACHINE_01
2026-06-10 05:46:51.155809,P00187,B,Line 1,Good Cap,Pass,CAM01,Operator_C,CAP_MACHINE_02
2026-06-10 05:46:56.155809,P00188,C,Line 1,Good Cap,Pass,CAM02,Operator_A,CAP_MACHINE_02
2026-06-10 05:47:01.155809,P00189,C,Line 2,Good Cap,Pass,CAM01,Operator_C,CAP_MACHINE_02
2026-06-10 05:47:06.155809,P00190,C,Line 2,Good Cap,Pass,CAM02,Operator_A,CAP_MACHINE_02
2026-06-10 05:47:11.155809,P00191,B,Line 1,Good Cap,Pass,CAM02,Operator_C,CAP_MACHINE_02
2026-06-10 05:47:16.155809,P00192,C,Line 1,Good Cap,Pass,CAM01,Operator_B,CAP_MACHINE_01
2026-06-10 05:47:21.155809,P00193,B,Line 1,Good Cap,Pass,CAM02,Operator_A,CAP_MACHINE_01
2026-06-10 05:47:26.155809,P00194,B,Line 1,Good Cap,Pass,CAM02,Operator_B,CAP_MACHINE_02
2026-06-10 05:47:31.155809,P00195,A,Line 1,Loose Cap,Fail,CAM01,Operator_C,CAP_MACHINE_01
2026-06-10 05:47:36.155809,P00196,C,Line 1,Good Cap,Pass,CAM01,Operator_C,CAP_MACHINE_02
2026-06-10 05:47:41.155809,P00197,C,Line 2,Good Cap,Pass,CAM02,Operator_A,CAP_MACHINE_02
2026-06-10 05:47:46.155809,P00198,A,Line 1,Loose Cap,Fail,CAM02,Operator_A,CAP_MACHINE_02
2026-06-10 05:47:51.155809,P00199,B,Line 2,Good Cap,Pass,CAM01,Operator_A,CAP_MACHINE_02
2026-06-10 05:47:56.155809,P00200,C,Line 2,Good Cap,Pass,CAM02,Operator_A,CAP_MACHINE_02
2026-06-10 05:48:01.155809,P00201,A,Line 1,Good Cap,Pass,CAM02,Operator_C,CAP_MACHINE_02
2026-06-10 05:48:06.155809,P00202,C,Line 2,Good Cap,Pass,CAM01,Operator_C,CAP_MACHINE_02
2026-06-10 05:48:11.155809,P00203,C,Line 1,Good Cap,Pass,CAM01,Operator_A,CAP_MACHINE_02
2026-06-10 05:48:16.155809,P00204,A,Line 1,Good Cap,Pass,CAM02,Operator_B,CAP_MACHINE_02
2026-06-10 05:48:21.155809,P00205,B,Line 1,Good Cap,Pass,CAM01,Operator_B,CAP_MACHINE_02
2026-06-10 05:48:26.155809,P00206,B,Line 2,Good Cap,Pass,CAM01,Operator_A,CAP_MACHINE_01
2026-06-10 05:48:31.155809,P00207,A,Line 2,Good Cap,Pass,CAM02,Operator_C,CAP_MACHINE_02
2026-06-10 05:48:36.155809,P00208,C,Line 2,Broken Cap,Fail,CAM02,Operator_B,CAP_MACHINE_02
2026-06-10 05:48:41.155809,P00209,C,Line 1,Good Cap,Pass,CAM02,Operator_A,CAP_MACHINE_01
2026-06-10 05:48:46.155809,P00210,C,Line 2,Good Cap,Pass,CAM02,Operator_C,CAP_MACHINE_01
2026-06-10 05:48:51.155809,P00211,B,Line 2,Good Cap,Pass,CAM01,Operator_A,CAP_MACHINE_01
2026-06-10 05:48:56.155809,P00212,C,Line 1,Broken Cap,Fail,CAM01,Operator_C,CAP_MACHINE_02
2026-06-10 05:49:01.155809,P00213,C,Line 1,Good Cap,Pass,CAM02,Operator_A,CAP_MACHINE_01
2026-06-10 05:49:06.155809,P00214,C,Line 1,Good Cap,Pass,CAM02,Operator_C,CAP_MACHINE_02
2026-06-10 05:49:11.155809,P00215,C,Line 1,Good Cap,Pass,CAM02,Operator_C,CAP_MACHINE_01
2026-06-10 05:49:16.155809,P00216,A,Line 1,Good Cap,Pass,CAM02,Operator_A,CAP_MACHINE_02
2026-06-10 05:49:21.155809,P00217,C,Line 1,Good Cap,Pass,CAM01,Operator_B,CAP_MACHINE_01
2026-06-10 05:49:26.155809,P00218,C,Line 2,Good Cap,Pass,CAM01,Operator_C,CAP_MACHINE_01
2026-06-10 05:49:31.155809,P00219,C,Line 1,Good Cap,Pass,CAM01,Operator_B,CAP_MACHINE_02
2026-06-10 05:49:36.155809,P00220,C,Line 2,Good Cap,Pass,CAM01,Operator_C,CAP_MACHINE_01
2026-06-10 05:49:41.155809,P00221,B,Line 2,Good Cap,Pass,CAM01,Operator_A,CAP_MACHINE_01
2026-06-10 05:49:46.155809,P00222,A,Line 2,Good Cap,Pass,CAM02,Operator_B,CAP_MACHINE_01
2026-06-10 05:49:51.155809,P00223,C,Line 2,Good Cap,Pass,CAM01,Operator_B,CAP_MACHINE_02
2026-06-10 05:49:56.155809,P00224,C,Line 2,Good Cap,Pass,CAM02,Operator_C,CAP_MACHINE_02
2026-06-10 05:50:01.155809,P00225,A,Line 2,Good Cap,Pass,CAM02,Operator_A,CAP_MACHINE_02
2026-06-10 05:50:06.155809,P00226,A,Line 2,Good Cap,Pass,CAM01,Operator_B,CAP_MACHINE_01
2026-06-10 05:50:11.155809,P00227,C,Line 1,Good Cap,Pass,CAM01,Operator_B,CAP_MACHINE_02
2026-06-10 05:50:16.155809,P00228,A,Line 2,Good Cap,Pass,CAM01,Operator_A,CAP_MACHINE_01
2026-06-10 05:50:21.155809,P00229,A,Line 1,Good Cap,Pass,CAM01,Operator_C,CAP_MACHINE_02
2026-06-10 05:50:26.155809,P00230,B,Line 2,Good Cap,Pass,CAM02,Operator_B,CAP_MACHINE_02
2026-06-10 05:50:31.155809,P00231,B,Line 1,Good Cap,Pass,CAM02,Operator_A,CAP_MACHINE_02
2026-06-10 05:50:36.155809,P00232,C,Line 2,Good Cap,Pass,CAM01,Operator_A,CAP_MACHINE_01
2026-06-10 05:50:41.155809,P00233,B,Line 1,Good Cap,Pass,CAM01,Operator_C,CAP_MACHINE_01
2026-06-10 05:50:46.155809,P00234,A,Line 1,Good Cap,Pass,CAM01,Operator_A,CAP_MACHINE_02
2026-06-10 05:50:51.155809,P00235,B,Line 1,Broken Ring,Fail,CAM01,Operator_B,CAP_MACHINE_02
2026-06-10 05:50:56.155809,P00236,C,Line 1,Good Cap,Pass,CAM01,Operator_C,CAP_MACHINE_02
2026-06-10 05:51:01.155809,P00237,A,Line 2,Good Cap,Pass,CAM02,Operator_C,CAP_MACHINE_01
2026-06-10 05:51:06.155809,P00238,C,Line 2,Good Cap,Pass,CAM02,Operator_B,CAP_MACHINE_01
2026-06-10 05:51:11.155809,P00239,B,Line 2,No Cap,Fail,CAM02,Operator_B,CAP_MACHINE_02
2026-06-10 05:51:16.155809,P00240,A,Line 2,Good Cap,Pass,CAM02,Operator_C,CAP_MACHINE_01
2026-06-10 05:51:21.155809,P00241,B,Line 1,Good Cap,Pass,CAM02,Operator_A,CAP_MACHINE_02
2026-06-10 05:51:26.155809,P00242,C,Line 2,Good Cap,Pass,CAM02,Operator_A,CAP_MACHINE_02
2026-06-10 05:51:31.155809,P00243,A,Line 2,Good Cap,Pass,CAM01,Operator_B,CAP_MACHINE_01
2026-06-10 05:51:36.155809,P00244,A,Line 1,Good Cap,Pass,CAM01,Operator_C,CAP_MACHINE_02
2026-06-10 05:51:41.155809,P00245,A,Line 1,Good Cap,Pass,CAM01,Operator_A,CAP_MACHINE_01
2026-06-10 05:51:46.155809,P00246,A,Line 2,Broken Ring,Fail,CAM01,Operator_B,CAP_MACHINE_01
2026-06-10 05:51:51.155809,P00247,B,Line 2,Good Cap,Pass,CAM02,Operator_B,CAP_MACHINE_01
2026-06-10 05:51:56.155809,P00248,B,Line 2,Good Cap,Pass,CAM01,Operator_A,CAP_MACHINE_02
2026-06-10 05:52:01.155809,P00249,B,Line 2,Good Cap,Pass,CAM02,Operator_C,CAP_MACHINE_01
2026-06-10 05:52:06.155809,P00250,A,Line 1,Good Cap,Pass,CAM02,Operator_A,CAP_MACHINE_01
2026-06-10 05:52:11.155809,P00251,C,Line 2,Good Cap,Pass,CAM02,Operator_A,CAP_MACHINE_01
2026-06-10 05:52:16.155809,P00252,A,Line 2,Good Cap,Pass,CAM01,Operator_B,CAP_MACHINE_01
2026-06-10 05:52:21.155809,P00253,A,Line 1,Good Cap,Pass,CAM02,Operator_A,CAP_MACHINE_02
2026-06-10 05:52:26.155809,P00254,C,Line 2,Good Cap,Pass,CAM01,Operator_B,CAP_MACHINE_01
2026-06-10 05:52:31.155809,P00255,A,Line 2,Good Cap,Pass,CAM02,Operator_B,CAP_MACHINE_02
2026-06-10 05:52:36.155809,P00256,B,Line 1,Good Cap,Pass,CAM01,Operator_A,CAP_MACHINE_01
2026-06-10 05:52:41.155809,P00257,C,Line 1,Good Cap,Pass,CAM02,Operator_B,CAP_MACHINE_02
2026-06-10 05:52:46.155809,P00258,B,Line 2,Good Cap,Pass,CAM01,Operator_B,CAP_MACHINE_02
2026-06-10 05:52:51.155809,P00259,C,Line 2,Good Cap,Pass,CAM02,Operator_C,CAP_MACHINE_02
2026-06-10 05:52:56.155809,P00260,B,Line 2,Good Cap,Pass,CAM01,Operator_B,CAP_MACHINE_02
2026-06-10 05:53:01.155809,P00261,A,Line 1,Good Cap,Pass,CAM01,Operator_B,CAP_MACHINE_01
2026-06-10 05:53:06.155809,P00262,C,Line 2,Good Cap,Pass,CAM02,Operator_B,CAP_MACHINE_01
2026-06-10 05:53:11.155809,P00263,C,Line 2,Good Cap,Pass,CAM01,Operator_C,CAP_MACHINE_02
2026-06-10 05:53:16.155809,P00264,A,Line 1,Good Cap,Pass,CAM02,Operator_C,CAP_MACHINE_01
2026-06-10 05:53:21.155809,P00265,C,Line 1,Good Cap,Pass,CAM02,Operator_C,CAP_MACHINE_01
2026-06-10 05:53:26.155809,P00266,A,Line 2,Good Cap,Pass,CAM02,Operator_C,CAP_MACHINE_01
2026-06-10 05:53:31.155809,P00267,B,Line 1,Good Cap,Pass,CAM01,Operator_C,CAP_MACHINE_02
2026-06-10 05:53:36.155809,P00268,B,Line 1,Good Cap,Pass,CAM02,Operator_A,CAP_MACHINE_01
2026-06-10 05:53:41.155809,P00269,A,Line 2,Good Cap,Pass,CAM01,Operator_B,CAP_MACHINE_01
2026-06-10 05:53:46.155809,P00270,B,Line 1,Good Cap,Pass,CAM02,Operator_A,CAP_MACHINE_02
2026-06-10 05:53:51.155809,P00271,B,Line 1,Good Cap,Pass,CAM02,Operator_A,CAP_MACHINE_01
2026-06-10 05:53:56.155809,P00272,A,Line 2,Good Cap,Pass,CAM02,Operator_B,CAP_MACHINE_01
2026-06-10 05:54:01.155809,P00273,A,Line 1,Good Cap,Pass,CAM01,Operator_C,CAP_MACHINE_02
2026-06-10 05:54:06.155809,P00274,C,Line 2,Good Cap,Pass,CAM02,Operator_C,CAP_MACHINE_02
2026-06-10 05:54:11.155809,P00275,C,Line 1,Good Cap,Pass,CAM02,Operator_A,CAP_MACHINE_02
2026-06-10 05:54:16.155809,P00276,B,Line 2,Good Cap,Pass,CAM02,Operator_A,CAP_MACHINE_02
2026-06-10 05:54:21.155809,P00277,C,Line 1,Good Cap,Pass,CAM01,Operator_A,CAP_MACHINE_02
2026-06-10 05:54:26.155809,P00278,C,Line 2,Good Cap,Pass,CAM02,Operator_B,CAP_MACHINE_02
2026-06-10 05:54:31.155809,P00279,C,Line 2,Good Cap,Pass,CAM01,Operator_A,CAP_MACHINE_02
2026-06-10 05:54:36.155809,P00280,C,Line 2,Loose Cap,Fail,CAM02,Operator_B,CAP_MACHINE_02
2026-06-10 05:54:41.155809,P00281,A,Line 1,Good Cap,Pass,CAM01,Operator_B,CAP_MACHINE_01
2026-06-10 05:54:46.155809,P00282,B,Line 2,Good Cap,Pass,CAM01,Operator_B,CAP_MACHINE_01
2026-06-10 05:54:51.155809,P00283,C,Line 2,Good Cap,Pass,CAM01,Operator_A,CAP_MACHINE_02
2026-06-10 05:54:56.155809,P00284,A,Line 2,Good Cap,Pass,CAM02,Operator_C,CAP_MACHINE_01
2026-06-10 05:55:01.155809,P00285,B,Line 2,Loose Cap,Fail,CAM01,Operator_A,CAP_MACHINE_01
2026-06-10 05:55:06.155809,P00286,A,Line 2,Good Cap,Pass,CAM01,Operator_C,CAP_MACHINE_01
2026-06-10 05:55:11.155809,P00287,A,Line 2,Good Cap,Pass,CAM02,Operator_A,CAP_MACHINE_02
2026-06-10 05:55:16.155809,P00288,B,Line 1,Good Cap,Pass,CAM01,Operator_C,CAP_MACHINE_01
2026-06-10 05:55:21.155809,P00289,A,Line 2,Loose Cap,Fail,CAM02,Operator_A,CAP_MACHINE_01
2026-06-10 05:55:26.155809,P00290,C,Line 2,Good Cap,Pass,CAM01,Operator_B,CAP_MACHINE_02
2026-06-10 05:55:31.155809,P00291,B,Line 2,Good Cap,Pass,CAM02,Operator_C,CAP_MACHINE_01
2026-06-10 05:55:36.155809,P00292,A,Line 1,Good Cap,Pass,CAM01,Operator_C,CAP_MACHINE_02
2026-06-10 05:55:41.155809,P00293,B,Line 2,Good Cap,Pass,CAM01,Operator_A,CAP_MACHINE_01
2026-06-10 05:55:46.155809,P00294,B,Line 2,Loose Cap,Fail,CAM02,Operator_A,CAP_MACHINE_02
2026-06-10 05:55:51.155809,P00295,A,Line 1,Good Cap,Pass,CAM01,Operator_C,CAP_MACHINE_01
2026-06-10 05:55:56.155809,P00296,A,Line 1,Broken Ring,Fail,CAM02,Operator_A,CAP_MACHINE_02
2026-06-10 05:56:01.155809,P00297,B,Line 2,Good Cap,Pass,CAM02,Operator_B,CAP_MACHINE_01
2026-06-10 05:56:06.155809,P00298,C,Line 2,Good Cap,Pass,CAM01,Operator_A,CAP_MACHINE_02
2026-06-10 05:56:11.155809,P00299,B,Line 1,Good Cap,Pass,CAM02,Operator_B,CAP_MACHINE_02
2026-06-10 05:56:16.155809,P00300,B,Line 2,Good Cap,Pass,CAM01,Operator_A,CAP_MACHINE_02
2026-06-10 05:56:21.155809,P00301,B,Line 2,Good Cap,Pass,CAM02,Operator_B,CAP_MACHINE_01
2026-06-10 05:56:26.155809,P00302,B,Line 1,Good Cap,Pass,CAM02,Operator_A,CAP_MACHINE_02
2026-06-10 05:56:31.155809,P00303,C,Line 2,Good Cap,Pass,CAM02,Operator_C,CAP_MACHINE_01
2026-06-10 05:56:36.155809,P00304,B,Line 1,Good Cap,Pass,CAM02,Operator_C,CAP_MACHINE_01
2026-06-10 05:56:41.155809,P00305,A,Line 1,Good Cap,Pass,CAM02,Operator_A,CAP_MACHINE_01
2026-06-10 05:56:46.155809,P00306,A,Line 2,Loose Cap,Fail,CAM01,Operator_A,CAP_MACHINE_02
2026-06-10 05:56:51.155809,P00307,C,Line 1,Good Cap,Pass,CAM02,Operator_C,CAP_MACHINE_02
2026-06-10 05:56:56.155809,P00308,A,Line 1,Good Cap,Pass,CAM01,Operator_B,CAP_MACHINE_01
2026-06-10 05:57:01.155809,P00309,B,Line 1,Good Cap,Pass,CAM02,Operator_B,CAP_MACHINE_01
2026-06-10 05:57:06.155809,P00310,C,Line 2,Good Cap,Pass,CAM02,Operator_B,CAP_MACHINE_02
2026-06-10 05:57:11.155809,P00311,C,Line 1,No Cap,Fail,CAM02,Operator_A,CAP_MACHINE_01
2026-06-10 05:57:16.155809,P00312,C,Line 1,Loose Cap,Fail,CAM01,Operator_C,CAP_MACHINE_02
2026-06-10 05:57:21.155809,P00313,A,Line 1,Good Cap,Pass,CAM01,Operator_B,CAP_MACHINE_01
2026-06-10 05:57:26.155809,P00314,C,Line 1,Loose Cap,Fail,CAM02,Operator_A,CAP_MACHINE_01
2026-06-10 05:57:31.155809,P00315,C,Line 1,Good Cap,Pass,CAM01,Operator_C,CAP_MACHINE_01
2026-06-10 05:57:36.155809,P00316,A,Line 1,Good Cap,Pass,CAM01,Operator_B,CAP_MACHINE_01
2026-06-10 05:57:41.155809,P00317,A,Line 1,Broken Ring,Fail,CAM02,Operator_B,CAP_MACHINE_01
2026-06-10 05:57:46.155809,P00318,A,Line 1,Good Cap,Pass,CAM01,Operator_C,CAP_MACHINE_02
2026-06-10 05:57:51.155809,P00319,B,Line 2,Good Cap,Pass,CAM01,Operator_A,CAP_MACHINE_01
2026-06-10 05:57:56.155809,P00320,A,Line 1,Good Cap,Pass,CAM02,Operator_A,CAP_MACHINE_02
2026-06-10 05:58:01.155809,P00321,C,Line 1,Good Cap,Pass,CAM02,Operator_B,CAP_MACHINE_02
2026-06-10 05:58:06.155809,P00322,B,Line 1,Good Cap,Pass,CAM02,Operator_C,CAP_MACHINE_01
2026-06-10 05:58:11.155809,P00323,C,Line 1,Loose Cap,Fail,CAM01,Operator_C,CAP_MACHINE_02
2026-06-10 05:58:16.155809,P00324,C,Line 1,Good Cap,Pass,CAM01,Operator_A,CAP_MACHINE_01
2026-06-10 05:58:21.155809,P00325,C,Line 2,Broken Ring,Fail,CAM02,Operator_C,CAP_MACHINE_01
2026-06-10 05:58:26.155809,P00326,B,Line 2,Good Cap,Pass,CAM01,Operator_A,CAP_MACHINE_02
2026-06-10 05:58:31.155809,P00327,C,Line 1,Good Cap,Pass,CAM02,Operator_C,CAP_MACHINE_02
2026-06-10 05:58:36.155809,P00328,A,Line 1,Good Cap,Pass,CAM02,Operator_C,CAP_MACHINE_01
2026-06-10 05:58:41.155809,P00329,A,Line 1,Good Cap,Pass,CAM01,Operator_B,CAP_MACHINE_01
2026-06-10 05:58:46.155809,P00330,A,Line 1,Good Cap,Pass,CAM02,Operator_A,CAP_MACHINE_01
2026-06-10 05:58:51.155809,P00331,A,Line 2,Good Cap,Pass,CAM02,Operator_C,CAP_MACHINE_01
2026-06-10 05:58:56.155809,P00332,C,Line 1,Good Cap,Pass,CAM01,Operator_A,CAP_MACHINE_01
2026-06-10 05:59:01.155809,P00333,A,Line 1,Good Cap,Pass,CAM01,Operator_A,CAP_MACHINE_02
2026-06-10 05:59:06.155809,P00334,B,Line 2,Good Cap,Pass,CAM02,Operator_A,CAP_MACHINE_01
2026-06-10 05:59:11.155809,P00335,B,Line 2,Good Cap,Pass,CAM02,Operator_B,CAP_MACHINE_02
2026-06-10 05:59:16.155809,P00336,C,Line 1,Good Cap,Pass,CAM01,Operator_A,CAP_MACHINE_02
2026-06-10 05:59:21.155809,P00337,B,Line 1,Loose Cap,Fail,CAM02,Operator_A,CAP_MACHINE_02
2026-06-10 05:59:26.155809,P00338,A,Line 2,Good Cap,Pass,CAM01,Operator_C,CAP_MACHINE_02
2026-06-10 05:59:31.155809,P00339,A,Line 1,Broken Ring,Fail,CAM01,Operator_C,CAP_MACHINE_02
2026-06-10 05:59:36.155809,P00340,C,Line 1,Good Cap,Pass,CAM01,Operator_A,CAP_MACHINE_01
2026-06-10 05:59:41.155809,P00341,C,Line 1,Good Cap,Pass,CAM01,Operator_B,CAP_MACHINE_01
2026-06-10 05:59:46.155809,P00342,C,Line 1,Good Cap,Pass,CAM02,Operator_B,CAP_MACHINE_01
2026-06-10 05:59:51.155809,P00343,B,Line 2,Good Cap,Pass,CAM02,Operator_B,CAP_MACHINE_02
2026-06-10 05:59:56.155809,P00344,C,Line 2,Good Cap,Pass,CAM01,Operator_A,CAP_MACHINE_01
2026-06-10 06:00:01.155809,P00345,A,Line 1,Good Cap,Pass,CAM01,Operator_B,CAP_MACHINE_01
2026-06-10 06:00:06.155809,P00346,C,Line 1,Good Cap,Pass,CAM02,Operator_B,CAP_MACHINE_02
2026-06-10 06:00:11.155809,P00347,A,Line 2,Broken Cap,Fail,CAM02,Operator_B,CAP_MACHINE_01
2026-06-10 06:00:16.155809,P00348,C,Line 2,Good Cap,Pass,CAM02,Operator_A,CAP_MACHINE_01
2026-06-10 06:00:21.155809,P00349,A,Line 2,Good Cap,Pass,CAM01,Operator_A,CAP_MACHINE_02
2026-06-10 06:00:26.155809,P00350,C,Line 1,No Cap,Fail,CAM02,Operator_A,CAP_MACHINE_02
2026-06-10 06:00:31.155809,P00351,A,Line 2,Good Cap,Pass,CAM01,Operator_B,CAP_MACHINE_02
2026-06-10 06:00:36.155809,P00352,B,Line 2,Good Cap,Pass,CAM02,Operator_A,CAP_MACHINE_02
2026-06-10 06:00:41.155809,P00353,B,Line 2,Broken Cap,Fail,CAM01,Operator_A,CAP_MACHINE_02
2026-06-10 06:00:46.155809,P00354,B,Line 1,Good Cap,Pass,CAM02,Operator_B,CAP_MACHINE_01
2026-06-10 06:00:51.155809,P00355,B,Line 2,Good Cap,Pass,CAM02,Operator_B,CAP_MACHINE_01
2026-06-10 06:00:56.155809,P00356,B,Line 2,Broken Cap,Fail,CAM01,Operator_C,CAP_MACHINE_02
2026-06-10 06:01:01.155809,P00357,B,Line 1,Good Cap,Pass,CAM02,Operator_A,CAP_MACHINE_02
2026-06-10 06:01:06.155809,P00358,B,Line 1,Good Cap,Pass,CAM01,Operator_B,CAP_MACHINE_02
2026-06-10 06:01:11.155809,P00359,C,Line 2,Good Cap,Pass,CAM02,Operator_B,CAP_MACHINE_01
2026-06-10 06:01:16.155809,P00360,B,Line 1,Good Cap,Pass,CAM02,Operator_C,CAP_MACHINE_01
2026-06-10 06:01:21.155809,P00361,C,Line 2,Good Cap,Pass,CAM01,Operator_A,CAP_MACHINE_01
2026-06-10 06:01:26.155809,P00362,A,Line 2,Good Cap,Pass,CAM02,Operator_C,CAP_MACHINE_01
2026-06-10 06:01:31.155809,P00363,C,Line 1,Good Cap,Pass,CAM01,Operator_B,CAP_MACHINE_02
2026-06-10 06:01:36.155809,P00364,A,Line 2,Good Cap,Pass,CAM02,Operator_B,CAP_MACHINE_01
2026-06-10 06:01:41.155809,P00365,C,Line 2,Good Cap,Pass,CAM01,Operator_C,CAP_MACHINE_02
2026-06-10 06:01:46.155809,P00366,C,Line 2,Good Cap,Pass,CAM02,Operator_A,CAP_MACHINE_01
2026-06-10 06:01:51.155809,P00367,B,Line 2,Good Cap,Pass,CAM02,Operator_A,CAP_MACHINE_01
2026-06-10 06:01:56.155809,P00368,B,Line 2,Good Cap,Pass,CAM02,Operator_C,CAP_MACHINE_02
2026-06-10 06:02:01.155809,P00369,A,Line 2,Good Cap,Pass,CAM01,Operator_C,CAP_MACHINE_01
2026-06-10 06:02:06.155809,P00370,A,Line 2,Good Cap,Pass,CAM02,Operator_A,CAP_MACHINE_01
2026-06-10 06:02:11.155809,P00371,A,Line 2,Good Cap,Pass,CAM01,Operator_B,CAP_MACHINE_01
2026-06-10 06:02:16.155809,P00372,A,Line 2,Good Cap,Pass,CAM01,Operator_A,CAP_MACHINE_01
2026-06-10 06:02:21.155809,P00373,C,Line 1,Good Cap,Pass,CAM02,Operator_A,CAP_MACHINE_02
2026-06-10 06:02:26.155809,P00374,C,Line 1,Loose Cap,Fail,CAM01,Operator_C,CAP_MACHINE_01
2026-06-10 06:02:31.155809,P00375,B,Line 1,No Cap,Fail,CAM01,Operator_C,CAP_MACHINE_01
2026-06-10 06:02:36.155809,P00376,B,Line 1,Good Cap,Pass,CAM02,Operator_A,CAP_MACHINE_01
2026-06-10 06:02:41.155809,P00377,A,Line 2,Good Cap,Pass,CAM02,Operator_C,CAP_MACHINE_02
2026-06-10 06:02:46.155809,P00378,C,Line 1,Broken Cap,Fail,CAM01,Operator_B,CAP_MACHINE_02
2026-06-10 06:02:51.155809,P00379,A,Line 2,Good Cap,Pass,CAM02,Operator_A,CAP_MACHINE_01
2026-06-10 06:02:56.155809,P00380,C,Line 2,Good Cap,Pass,CAM01,Operator_A,CAP_MACHINE_02
2026-06-10 06:03:01.155809,P00381,C,Line 1,Good Cap,Pass,CAM02,Operator_B,CAP_MACHINE_02
2026-06-10 06:03:06.155809,P00382,C,Line 1,Good Cap,Pass,CAM02,Operator_B,CAP_MACHINE_02
2026-06-10 06:03:11.155809,P00383,C,Line 2,No Cap,Fail,CAM01,Operator_B,CAP_MACHINE_01
2026-06-10 06:03:16.155809,P00384,C,Line 2,Good Cap,Pass,CAM01,Operator_C,CAP_MACHINE_01
2026-06-10 06:03:21.155809,P00385,C,Line 2,Broken Ring,Fail,CAM02,Operator_C,CAP_MACHINE_01
2026-06-10 06:03:26.155809,P00386,B,Line 1,Good Cap,Pass,CAM02,Operator_C,CAP_MACHINE_02
2026-06-10 06:03:31.155809,P00387,C,Line 2,Good Cap,Pass,CAM01,Operator_C,CAP_MACHINE_02
2026-06-10 06:03:36.155809,P00388,A,Line 1,Good Cap,Pass,CAM01,Operator_A,CAP_MACHINE_02
2026-06-10 06:03:41.155809,P00389,A,Line 2,Good Cap,Pass,CAM01,Operator_A,CAP_MACHINE_01
2026-06-10 06:03:46.155809,P00390,B,Line 1,Good Cap,Pass,CAM02,Operator_C,CAP_MACHINE_01
2026-06-10 06:03:51.155809,P00391,C,Line 1,Loose Cap,Fail,CAM02,Operator_C,CAP_MACHINE_02
2026-06-10 06:03:56.155809,P00392,B,Line 1,Good Cap,Pass,CAM02,Operator_C,CAP_MACHINE_01
2026-06-10 06:04:01.155809,P00393,A,Line 1,Good Cap,Pass,CAM02,Operator_C,CAP_MACHINE_01
2026-06-10 06:04:06.155809,P00394,A,Line 2,Good Cap,Pass,CAM02,Operator_C,CAP_MACHINE_02
2026-06-10 06:04:11.155809,P00395,C,Line 1,Loose Cap,Fail,CAM01,Operator_C,CAP_MACHINE_01
2026-06-10 06:04:16.155809,P00396,A,Line 2,Good Cap,Pass,CAM01,Operator_B,CAP_MACHINE_01
2026-06-10 06:04:21.155809,P00397,B,Line 2,Good Cap,Pass,CAM02,Operator_A,CAP_MACHINE_02
2026-06-10 06:04:26.155809,P00398,C,Line 1,Good Cap,Pass,CAM01,Operator_B,CAP_MACHINE_01
2026-06-10 06:04:31.155809,P00399,A,Line 1,Loose Cap,Fail,CAM01,Operator_C,CAP_MACHINE_01
2026-06-10 06:04:36.155809,P00400,C,Line 1,Good Cap,Pass,CAM01,Operator_B,CAP_MACHINE_02
2026-06-10 06:04:41.155809,P00401,A,Line 1,Broken Ring,Fail,CAM01,Operator_C,CAP_MACHINE_02
2026-06-10 06:04:46.155809,P00402,A,Line 1,Good Cap,Pass,CAM02,Operator_A,CAP_MACHINE_01
2026-06-10 06:04:51.155809,P00403,A,Line 2,Good Cap,Pass,CAM02,Operator_C,CAP_MACHINE_02
2026-06-10 06:04:56.155809,P00404,C,Line 1,Good Cap,Pass,CAM02,Operator_A,CAP_MACHINE_02
2026-06-10 06:05:01.155809,P00405,C,Line 1,Good Cap,Pass,CAM01,Operator_C,CAP_MACHINE_02
2026-06-10 06:05:06.155809,P00406,B,Line 1,Good Cap,Pass,CAM01,Operator_C,CAP_MACHINE_01
2026-06-10 06:05:11.155809,P00407,B,Line 1,Good Cap,Pass,CAM02,Operator_A,CAP_MACHINE_02
2026-06-10 06:05:16.155809,P00408,A,Line 1,Good Cap,Pass,CAM01,Operator_A,CAP_MACHINE_02
2026-06-10 06:05:21.155809,P00409,C,Line 2,Good Cap,Pass,CAM01,Operator_A,CAP_MACHINE_02
2026-06-10 06:05:26.155809,P00410,B,Line 1,Broken Ring,Fail,CAM01,Operator_C,CAP_MACHINE_02
2026-06-10 06:05:31.155809,P00411,A,Line 1,Good Cap,Pass,CAM01,Operator_A,CAP_MACHINE_02
2026-06-10 06:05:36.155809,P00412,B,Line 1,Good Cap,Pass,CAM02,Operator_C,CAP_MACHINE_01
2026-06-10 06:05:41.155809,P00413,B,Line 1,Good Cap,Pass,CAM02,Operator_B,CAP_MACHINE_02
2026-06-10 06:05:46.155809,P00414,B,Line 2,Good Cap,Pass,CAM02,Operator_B,CAP_MACHINE_01
2026-06-10 06:05:51.155809,P00415,B,Line 1,Good Cap,Pass,CAM01,Operator_C,CAP_MACHINE_01
2026-06-10 06:05:56.155809,P00416,C,Line 1,Broken Ring,Fail,CAM02,Operator_A,CAP_MACHINE_02
2026-06-10 06:06:01.155809,P00417,C,Line 1,Good Cap,Pass,CAM02,Operator_A,CAP_MACHINE_01
2026-06-10 06:06:06.155809,P00418,B,Line 1,Good Cap,Pass,CAM01,Operator_B,CAP_MACHINE_02
2026-06-10 06:06:11.155809,P00419,A,Line 2,Broken Cap,Fail,CAM02,Operator_C,CAP_MACHINE_02
2026-06-10 06:06:16.155809,P00420,A,Line 2,Good Cap,Pass,CAM01,Operator_C,CAP_MACHINE_01
2026-06-10 06:06:21.155809,P00421,C,Line 1,Good Cap,Pass,CAM01,Operator_A,CAP_MACHINE_01
2026-06-10 06:06:26.155809,P00422,B,Line 1,Good Cap,Pass,CAM01,Operator_A,CAP_MACHINE_02
2026-06-10 06:06:31.155809,P00423,C,Line 2,Good Cap,Pass,CAM02,Operator_A,CAP_MACHINE_02
2026-06-10 06:06:36.155809,P00424,C,Line 2,Good Cap,Pass,CAM02,Operator_A,CAP_MACHINE_02
2026-06-10 06:06:41.155809,P00425,C,Line 2,Good Cap,Pass,CAM02,Operator_A,CAP_MACHINE_02
2026-06-10 06:06:46.155809,P00426,C,Line 2,Good Cap,Pass,CAM02,Operator_A,CAP_MACHINE_02
2026-06-10 06:06:51.155809,P00427,C,Line 1,Good Cap,Pass,CAM01,Operator_B,CAP_MACHINE_01
2026-06-10 06:06:56.155809,P00428,C,Line 2,Broken Cap,Fail,CAM02,Operator_A,CAP_MACHINE_01
2026-06-10 06:07:01.155809,P00429,B,Line 2,Good Cap,Pass,CAM01,Operator_C,CAP_MACHINE_02
2026-06-10 06:07:06.155809,P00430,A,Line 1,No Cap,Fail,CAM02,Operator_B,CAP_MACHINE_02
2026-06-10 06:07:11.155809,P00431,C,Line 2,Good Cap,Pass,CAM01,Operator_A,CAP_MACHINE_02
2026-06-10 06:07:16.155809,P00432,B,Line 1,Good Cap,Pass,CAM01,Operator_A,CAP_MACHINE_02
2026-06-10 06:07:21.155809,P00433,A,Line 2,Good Cap,Pass,CAM01,Operator_B,CAP_MACHINE_01
2026-06-10 06:07:26.155809,P00434,A,Line 2,Good Cap,Pass,CAM01,Operator_C,CAP_MACHINE_02
2026-06-10 06:07:31.155809,P00435,C,Line 1,Loose Cap,Fail,CAM01,Operator_A,CAP_MACHINE_01
2026-06-10 06:07:36.155809,P00436,A,Line 1,Good Cap,Pass,CAM02,Operator_B,CAP_MACHINE_01
2026-06-10 06:07:41.155809,P00437,C,Line 1,Good Cap,Pass,CAM02,Operator_A,CAP_MACHINE_01
2026-06-10 06:07:46.155809,P00438,C,Line 2,Good Cap,Pass,CAM01,Operator_A,CAP_MACHINE_01
2026-06-10 06:07:51.155809,P00439,C,Line 1,Loose Cap,Fail,CAM02,Operator_C,CAP_MACHINE_02
2026-06-10 06:07:56.155809,P00440,B,Line 2,Good Cap,Pass,CAM02,Operator_A,CAP_MACHINE_02
2026-06-10 06:08:01.155809,P00441,A,Line 2,Good Cap,Pass,CAM01,Operator_A,CAP_MACHINE_02
2026-06-10 06:08:06.155809,P00442,B,Line 2,No Cap,Fail,CAM02,Operator_C,CAP_MACHINE_01
2026-06-10 06:08:11.155809,P00443,B,Line 2,Good Cap,Pass,CAM01,Operator_A,CAP_MACHINE_02
2026-06-10 06:08:16.155809,P00444,C,Line 2,Good Cap,Pass,CAM01,Operator_C,CAP_MACHINE_01
2026-06-10 06:08:21.155809,P00445,C,Line 2,Good Cap,Pass,CAM01,Operator_A,CAP_MACHINE_02
2026-06-10 06:08:26.155809,P00446,C,Line 2,No Cap,Fail,CAM01,Operator_B,CAP_MACHINE_02
2026-06-10 06:08:31.155809,P00447,A,Line 1,Good Cap,Pass,CAM01,Operator_C,CAP_MACHINE_02
2026-06-10 06:08:36.155809,P00448,C,Line 1,Good Cap,Pass,CAM02,Operator_B,CAP_MACHINE_02
2026-06-10 06:08:41.155809,P00449,B,Line 2,Good Cap,Pass,CAM01,Operator_B,CAP_MACHINE_02
2026-06-10 06:08:46.155809,P00450,C,Line 2,Good Cap,Pass,CAM01,Operator_A,CAP_MACHINE_01
2026-06-10 06:08:51.155809,P00451,C,Line 2,Good Cap,Pass,CAM02,Operator_B,CAP_MACHINE_02
2026-06-10 06:08:56.155809,P00452,C,Line 2,Good Cap,Pass,CAM02,Operator_C,CAP_MACHINE_01
2026-06-10 06:09:01.155809,P00453,B,Line 2,Good Cap,Pass,CAM02,Operator_C,CAP_MACHINE_02
2026-06-10 06:09:06.155809,P00454,B,Line 2,Good Cap,Pass,CAM02,Operator_B,CAP_MACHINE_02
2026-06-10 06:09:11.155809,P00455,A,Line 2,Good Cap,Pass,CAM02,Operator_A,CAP_MACHINE_01
2026-06-10 06:09:16.155809,P00456,A,Line 1,Good Cap,Pass,CAM01,Operator_B,CAP_MACHINE_02
2026-06-10 06:09:21.155809,P00457,A,Line 1,No Cap,Fail,CAM02,Operator_C,CAP_MACHINE_01
2026-06-10 06:09:26.155809,P00458,B,Line 1,Good Cap,Pass,CAM01,Operator_A,CAP_MACHINE_02
2026-06-10 06:09:31.155809,P00459,A,Line 1,Good Cap,Pass,CAM01,Operator_C,CAP_MACHINE_01
2026-06-10 06:09:36.155809,P00460,A,Line 2,Good Cap,Pass,CAM01,Operator_C,CAP_MACHINE_02
2026-06-10 06:09:41.155809,P00461,A,Line 2,Loose Cap,Fail,CAM02,Operator_B,CAP_MACHINE_01
2026-06-10 06:09:46.155809,P00462,A,Line 1,Good Cap,Pass,CAM02,Operator_C,CAP_MACHINE_01
2026-06-10 06:09:51.155809,P00463,A,Line 2,Good Cap,Pass,CAM02,Operator_B,CAP_MACHINE_01
2026-06-10 06:09:56.155809,P00464,C,Line 2,Good Cap,Pass,CAM01,Operator_A,CAP_MACHINE_02
2026-06-10 06:10:01.155809,P00465,C,Line 1,Good Cap,Pass,CAM01,Operator_B,CAP_MACHINE_01
2026-06-10 06:10:06.155809,P00466,C,Line 2,Good Cap,Pass,CAM02,Operator_C,CAP_MACHINE_01
2026-06-10 06:10:11.155809,P00467,A,Line 1,Good Cap,Pass,CAM01,Operator_C,CAP_MACHINE_02
2026-06-10 06:10:16.155809,P00468,A,Line 2,Good Cap,Pass,CAM02,Operator_B,CAP_MACHINE_02
2026-06-10 06:10:21.155809,P00469,B,Line 2,Good Cap,Pass,CAM01,Operator_A,CAP_MACHINE_02
2026-06-10 06:10:26.155809,P00470,C,Line 1,Good Cap,Pass,CAM01,Operator_C,CAP_MACHINE_02
2026-06-10 06:10:31.155809,P00471,B,Line 1,Good Cap,Pass,CAM02,Operator_A,CAP_MACHINE_01
2026-06-10 06:10:36.155809,P00472,A,Line 2,Good Cap,Pass,CAM01,Operator_A,CAP_MACHINE_02
2026-06-10 06:10:41.155809,P00473,A,Line 1,Good Cap,Pass,CAM02,Operator_C,CAP_MACHINE_02
2026-06-10 06:10:46.155809,P00474,C,Line 1,Good Cap,Pass,CAM02,Operator_A,CAP_MACHINE_02
2026-06-10 06:10:51.155809,P00475,C,Line 2,Broken Cap,Fail,CAM02,Operator_A,CAP_MACHINE_01
2026-06-10 06:10:56.155809,P00476,A,Line 1,Good Cap,Pass,CAM01,Operator_A,CAP_MACHINE_02
2026-06-10 06:11:01.155809,P00477,A,Line 2,Good Cap,Pass,CAM02,Operator_C,CAP_MACHINE_01
2026-06-10 06:11:06.155809,P00478,A,Line 2,No Cap,Fail,CAM02,Operator_C,CAP_MACHINE_02
2026-06-10 06:11:11.155809,P00479,A,Line 2,Good Cap,Pass,CAM01,Operator_A,CAP_MACHINE_01
2026-06-10 06:11:16.155809,P00480,C,Line 2,No Cap,Fail,CAM01,Operator_B,CAP_MACHINE_02
2026-06-10 06:11:21.155809,P00481,B,Line 2,Good Cap,Pass,CAM02,Operator_B,CAP_MACHINE_02
2026-06-10 06:11:26.155809,P00482,C,Line 2,Good Cap,Pass,CAM02,Operator_A,CAP_MACHINE_01
2026-06-10 06:11:31.155809,P00483,A,Line 2,No Cap,Fail,CAM01,Operator_B,CAP_MACHINE_02
2026-06-10 06:11:36.155809,P00484,A,Line 2,Good Cap,Pass,CAM01,Operator_A,CAP_MACHINE_02
2026-06-10 06:11:41.155809,P00485,C,Line 1,Broken Ring,Fail,CAM01,Operator_C,CAP_MACHINE_02
2026-06-10 06:11:46.155809,P00486,A,Line 2,Good Cap,Pass,CAM01,Operator_B,CAP_MACHINE_01
2026-06-10 06:11:51.155809,P00487,A,Line 1,Loose Cap,Fail,CAM02,Operator_C,CAP_MACHINE_01
2026-06-10 06:11:56.155809,P00488,C,Line 1,Good Cap,Pass,CAM01,Operator_A,CAP_MACHINE_02
2026-06-10 06:12:01.155809,P00489,A,Line 2,Good Cap,Pass,CAM02,Operator_B,CAP_MACHINE_02
2026-06-10 06:12:06.155809,P00490,B,Line 1,Good Cap,Pass,CAM02,Operator_C,CAP_MACHINE_02
2026-06-10 06:12:11.155809,P00491,B,Line 1,Good Cap,Pass,CAM01,Operator_A,CAP_MACHINE_01
2026-06-10 06:12:16.155809,P00492,C,Line 1,Good Cap,Pass,CAM02,Operator_B,CAP_MACHINE_02
2026-06-10 06:12:21.155809,P00493,C,Line 1,Loose Cap,Fail,CAM02,Operator_C,CAP_MACHINE_02
2026-06-10 06:12:26.155809,P00494,A,Line 2,Broken Ring,Fail,CAM01,Operator_A,CAP_MACHINE_02
2026-06-10 06:12:31.155809,P00495,A,Line 2,Good Cap,Pass,CAM01,Operator_A,CAP_MACHINE_02
2026-06-10 06:12:36.155809,P00496,C,Line 1,Good Cap,Pass,CAM02,Operator_B,CAP_MACHINE_01
2026-06-10 06:12:41.155809,P00497,C,Line 1,Good Cap,Pass,CAM02,Operator_B,CAP_MACHINE_02
2026-06-10 06:12:46.155809,P00498,C,Line 2,Broken Cap,Fail,CAM02,Operator_B,CAP_MACHINE_02
2026-06-10 06:12:51.155809,P00499,B,Line 2,Good Cap,Pass,CAM01,Operator_B,CAP_MACHINE_01
2026-06-10 06:12:56.155809,P00500,B,Line 1,No Cap,Fail,CAM01,Operator_A,CAP_MACHINE_01
